<?xml version="1.0" encoding="utf-8"?><?xml-stylesheet type="text/xml" href="http://localhost:4000/intro-web-architecture/feed.xslt.xml"?><feed xmlns="http://www.w3.org/2005/Atom"><generator uri="http://jekyllrb.com" version="3.3.1">Jekyll</generator><link href="http://localhost:4000/intro-web-architecture/feed.xml" rel="self" type="application/atom+xml" /><link href="http://localhost:4000/intro-web-architecture/" rel="alternate" type="text/html" /><updated>2016-12-29T15:54:38-08:00</updated><id>http://localhost:4000/intro-web-architecture//</id><title type="html">Intro to Web Architecture</title><subtitle>A series of lessons introducing you to fundamental principles and design patterns of Web Architecture. Brought to you by Markup Tips and Thinkful.
</subtitle></feed>
